htm,oadie,index
561302075.htm,su2822424.jpgs,"[""お題"", ""きゅうきさん「」""]"
560983622.htm,ou001.html,"[""お題"", ""きゅうきさん「」""]"
560983622.htm,se197496.html,"[""お題"", ""きゅうきさん「」""]"
560685958.htm,su2816889.swf,"[""お題"", ""きゅうきさん「」""]"
560582348.htm,sq111565.png,"[""お題"", ""きゅうきさん「」""]"
560489119.htm,su2815718.zip,"[""お題"", ""きゅうきさん「」""]"
560455102.htm,sq111545.zip,"[""お題"", ""きゅうきさん「」""]"
560439852.htm,su2815280.jpgs,"[""お題"", ""きゅうきさん「」""]"
560414462.htm,sq111538.zip,"[""お題"", ""きゅうきさん「」""]"
559980488.htm,su2811543.jpg,"[""お題"", ""きゅうきさん「」""]"
559976098.htm,su2811546.zip,"[""お題"", ""きゅうきさん「」""]"
559672395.htm,sq111437.gif,"[""お題"", ""きゅうきさん「」""]"
559487563.htm,sq111419.zip,"[""お題"", ""きゅうきさん「」""]"
559487563.htm,sq111420.zip,"[""お題"", ""きゅうきさん「」""]"
559487563.htm,sq111421.zip,"[""お題"", ""きゅうきさん「」""]"
559221368.htm,sq111379.zip,"[""お題"", ""きゅうきさん「」""]"
559210757.htm,ss326214.zip,"[""お題"", ""きゅうきさん「」""]"
558708841.htm,sq111298.zip,"[""お題"", ""きゅうきさん「」""]"
558569028.htm,su2799609.pngs,"[""お題"", ""きゅうきさん「」""]"
558503829.htm,1546251421.html,"[""お題"", ""きゅうきさん「」""]"
546251421.htm,1546251421.html,"[""お題"", ""きゅうきさん「」""]"
558436004.htm,sq111239.zip,"[""お題"", ""きゅうきさん「」""]"
558356057.htm,sq111230.zip,"[""お題"", ""きゅうきさん「」""]"
558308663.htm,su2797341.pngs,"[""お題"", ""きゅうきさん「」""]"
558268971.htm,sq111194.zip,"[""お題"", ""きゅうきさん「」""]"
558266419.htm,su2797051.pngs,"[""お題"", ""きゅうきさん「」""]"
558109656.htm,sq111177.zip,"[""お題"", ""きゅうきさん「」""]"
558059328.htm,sq111154.zip,"[""お題"", ""きゅうきさん「」""]"
558059328.htm,ss325937.zip,"[""お題"", ""きゅうきさん「」""]"
558045711.htm,ww20.atwi,"[""お題"", ""きゅうきさん「」""]"
558037320.htm,su2795153.png,"[""お題"", ""きゅうきさん「」""]"
557972056.htm,sq111124.zip,"[""お題"", ""きゅうきさん「」""]"
557860354.htm,ss325891.zip,"[""お題"", ""きゅうきさん「」""]"
557825684.htm,mi386.org,"[""お題"", ""きゅうきさん「」""]"
557606929.htm,sz25868.zip,"[""お題"", ""きゅうきさん「」""]"
557566483.htm,sq111042.webm,"[""お題"", ""きゅうきさん「」""]"
557566483.htm,sq111049.webm,"[""お題"", ""きゅうきさん「」""]"
557500739.htm,12426820059.html,"[""お題"", ""きゅうきさん「」""]"
426820059.htm,12426820059.html,"[""お題"", ""きゅうきさん「」""]"
557297847.htm,sz25864.zip,"[""お題"", ""きゅうきさん「」""]"
557215547.htm,sa76697.zip,"[""お題"", ""きゅうきさん「」""]"
557215547.htm,sq111000.zip,"[""お題"", ""きゅうきさん「」""]"
557187239.htm,sq110988.psd,"[""お題"", ""きゅうきさん「」""]"
557187239.htm,sq110990.psd,"[""お題"", ""きゅうきさん「」""]"
557175431.htm,sq110983.zip,"[""お題"", ""きゅうきさん「」""]"
556648354.htm,sz25805.zip,"[""お題"", ""きゅうきさん「」""]"
556481636.htm,sq110866.zip,"[""お題"", ""きゅうきさん「」""]"
556415506.htm,sq110848.zip,"[""お題"", ""きゅうきさん「」""]"
556334008.htm,sq110838.zip,"[""お題"", ""きゅうきさん「」""]"
556152869.htm,fc2.com,"[""お題"", ""きゅうきさん「」""]"
555983125.htm,sz25798.zip,"[""お題"", ""きゅうきさん「」""]"
555978957.htm,sq110790.zip,"[""お題"", ""きゅうきさん「」""]"
555122074.htm,ss325345.zip,"[""お題"", ""きゅうきさん「」""]"
555071544.htm,do72.com,"[""お題"", ""きゅうきさん「」""]"
553863871.htm,su2760602.jpgs,"[""お題"", ""きゅうきさん「」""]"
545565845.htm,sq109428.zip,まりんさん
540630823.htm,sq108780.zip,まりんさん
540630823.htm,sq108665.zip,まりんさん
540143263.htm,sq108665.zip,まりんさん
539488360.htm,sq108589.zip,まりんさん
561562226.htm,sq111679.zip,"[""お題"", ""きゅうきさん「」""]"
561457302.htm,sq111679.zip,"[""お題"", ""きゅうきさん「」""]"
561457302.htm,sq111680.zip,"[""お題"", ""きゅうきさん「」""]"
561302075.htm,su2822424.jpgs,"[""お題"", ""きゅうきさん「」""]"
560983622.htm,ou001.html,"[""お題"", ""きゅうきさん「」""]"
560983622.htm,se197496.html,"[""お題"", ""きゅうきさん「」""]"
560582348.htm,sq111565.png,"[""お題"", ""きゅうきさん「」""]"
560455102.htm,sq111545.zip,"[""お題"", ""きゅうきさん「」""]"
560439852.htm,su2815280.jpgs,"[""お題"", ""きゅうきさん「」""]"
560414462.htm,sq111538.zip,"[""お題"", ""きゅうきさん「」""]"
559980488.htm,su2811543.jpg,"[""お題"", ""きゅうきさん「」""]"
559976098.htm,su2811546.zip,"[""お題"", ""きゅうきさん「」""]"
559672395.htm,sq111437.gif,"[""お題"", ""きゅうきさん「」""]"
559487563.htm,sq111419.zip,"[""お題"", ""きゅうきさん「」""]"
559487563.htm,sq111420.zip,"[""お題"", ""きゅうきさん「」""]"
559487563.htm,sq111421.zip,"[""お題"", ""きゅうきさん「」""]"
559221368.htm,sq111379.zip,"[""お題"", ""きゅうきさん「」""]"
559210757.htm,ss326214.zip,"[""お題"", ""きゅうきさん「」""]"
558708841.htm,sq111298.zip,"[""お題"", ""きゅうきさん「」""]"
558569028.htm,su2799609.pngs,"[""お題"", ""きゅうきさん「」""]"
558503829.htm,1546251421.html,"[""お題"", ""きゅうきさん「」""]"
546251421.htm,1546251421.html,"[""お題"", ""きゅうきさん「」""]"
558436004.htm,sq111239.zip,"[""お題"", ""きゅうきさん「」""]"
558356057.htm,sq111230.zip,"[""お題"", ""きゅうきさん「」""]"
558308663.htm,su2797341.pngs,"[""お題"", ""きゅうきさん「」""]"
558268971.htm,sq111194.zip,"[""お題"", ""きゅうきさん「」""]"
558266419.htm,su2797051.pngs,"[""お題"", ""きゅうきさん「」""]"
558109656.htm,sq111177.zip,"[""お題"", ""きゅうきさん「」""]"
558059328.htm,sq111154.zip,"[""お題"", ""きゅうきさん「」""]"
558059328.htm,ss325937.zip,"[""お題"", ""きゅうきさん「」""]"
558045711.htm,ww20.atwi,"[""お題"", ""きゅうきさん「」""]"
558037320.htm,su2795153.png,"[""お題"", ""きゅうきさん「」""]"
557972056.htm,sq111124.zip,"[""お題"", ""きゅうきさん「」""]"
557860354.htm,ss325891.zip,"[""お題"", ""きゅうきさん「」""]"
557825684.htm,mi386.org,"[""お題"", ""きゅうきさん「」""]"
557606929.htm,sz25868.zip,"[""お題"", ""きゅうきさん「」""]"
557566483.htm,sq111042.webm,"[""お題"", ""きゅうきさん「」""]"
557566483.htm,sq111049.webm,"[""お題"", ""きゅうきさん「」""]"
557500739.htm,12426820059.html,"[""お題"", ""きゅうきさん「」""]"
426820059.htm,12426820059.html,"[""お題"", ""きゅうきさん「」""]"
557297847.htm,sz25864.zip,"[""お題"", ""きゅうきさん「」""]"
557215547.htm,sa76697.zip,"[""お題"", ""きゅうきさん「」""]"
557215547.htm,sq111000.zip,"[""お題"", ""きゅうきさん「」""]"
557187239.htm,sq110988.psd,"[""お題"", ""きゅうきさん「」""]"
557187239.htm,sq110990.psd,"[""お題"", ""きゅうきさん「」""]"
557175431.htm,sq110983.zip,"[""お題"", ""きゅうきさん「」""]"
556648354.htm,sz25805.zip,"[""お題"", ""きゅうきさん「」""]"
556481636.htm,sq110866.zip,"[""お題"", ""きゅうきさん「」""]"
556415506.htm,sq110848.zip,"[""お題"", ""きゅうきさん「」""]"
556334008.htm,sq110838.zip,"[""お題"", ""きゅうきさん「」""]"
556152869.htm,fc2.com,"[""お題"", ""きゅうきさん「」""]"
555983125.htm,sz25798.zip,"[""お題"", ""きゅうきさん「」""]"
555978957.htm,sq110790.zip,"[""お題"", ""きゅうきさん「」""]"
555122074.htm,ss325345.zip,"[""お題"", ""きゅうきさん「」""]"
555071544.htm,do72.com,"[""お題"", ""きゅうきさん「」""]"
560689474.htm,su2817439.png,きゅうきさん「」
560689474.htm,1546998008854.png,きゅうきさん「」
545565845.htm,sq109428.zip,まりんさん
540630823.htm,sq108780.zip,まりんさん
540630823.htm,sq108665.zip,まりんさん
540143263.htm,sq108665.zip,まりんさん
539488360.htm,sq108589.zip,まりんさん
545565845.htm,sq109428.zip,まりんさん
540630823.htm,sq108780.zip,まりんさん
540630823.htm,sq108665.zip,まりんさん
540143263.htm,sq108665.zip,まりんさん
539488360.htm,sq108589.zip,まりんさん
559672395.htm,sq111437.gif,きりんさん
545565845.htm,sq109428.zip,きりんさん
540630823.htm,sq108780.zip,きりんさん
540630823.htm,sq108665.zip,きりんさん
423561786.htm,su1839201.png,きりんさん
612743147.htm,1547869518353.jpg,女神転生
612743147.htm,1547872277748.jpg,女神転生
612743147.htm,1547876122287.jpg,女神転生
612743147.htm,1547877101768.jpg,女神転生
612743147.htm,1547877502608.jpg,女神転生
612743147.htm,1547877757798.jpg,女神転生
612743147.htm,1547877958456.jpg,女神転生
612743147.htm,1547878059104.jpg,女神転生
612743147.htm,1547879054900.jpg,女神転生
612743147.htm,1547879197986.jpg,女神転生
612743147.htm,1547879295254.jpg,女神転生
612743147.htm,1547879834323.jpg,女神転生
612743147.htm,1547882460027.jpg,女神転生
612743147.htm,1547882941629.jpg,女神転生
612743147.htm,1547884106947.jpg,女神転生
612743147.htm,1547884759485.jpg,女神転生
611239050.htm,1547274156196.png,女神転生
611239050.htm,1547274206318.jpg,女神転生
611239050.htm,1547274609344.jpg,女神転生
611239050.htm,1547274848459.png,女神転生
611239050.htm,1547275335186.png,女神転生
611239050.htm,1547275336136.png,女神転生
611239050.htm,1547275564782.jpg,女神転生
611239050.htm,1547275828740.jpg,女神転生
611239050.htm,1547276098150.jpg,女神転生
611239050.htm,1547276542694.jpg,女神転生
611239050.htm,1547276762910.jpg,女神転生
611239050.htm,1547277931705.jpg,女神転生
611239050.htm,1547279060167.png,女神転生
611239050.htm,1547279513773.jpg,女神転生
611239050.htm,1547279587543.jpg,女神転生
611239050.htm,1547280011024.jpg,女神転生
611239050.htm,1547281494915.png,女神転生
611239050.htm,1547290864886.webm,女神転生
611082562.htm,1547208745681.jpg,女神転生
611082562.htm,1547208956840.png,女神転生
611082562.htm,1547209030363.jpg,女神転生
611082562.htm,1547209182167.jpg,女神転生
611082562.htm,1547209278349.jpg,女神転生
611082562.htm,1547209409286.jpg,女神転生
611082562.htm,1547209412421.jpg,女神転生
611082562.htm,1547209503656.jpg,女神転生
611082562.htm,1547209555126.jpg,女神転生
611082562.htm,1547209558121.jpg,女神転生
611082562.htm,1547209802104.jpg,女神転生
611082562.htm,1547209933262.jpg,女神転生
611082562.htm,1547210000671.jpg,女神転生
611082562.htm,1547210138608.png,女神転生
611082562.htm,1547210170719.jpg,女神転生
611082562.htm,1547210218588.jpg,女神転生
611082562.htm,1547210332862.jpg,女神転生
611082562.htm,1547210336852.jpg,女神転生
611082562.htm,1547210424123.jpg,女神転生
611082562.htm,1547210437664.jpg,女神転生
611082562.htm,1547210443710.jpg,女神転生
611082562.htm,1547210529720.png,女神転生
611082562.htm,1547210550133.jpg,女神転生
611082562.htm,1547210586007.jpg,女神転生
611082562.htm,1547210596905.jpg,女神転生
611082562.htm,1547210698976.jpg,女神転生
611082562.htm,1547210743937.jpg,女神転生
611082562.htm,1547210837891.jpg,女神転生
611082562.htm,1547210859580.jpg,女神転生
611082562.htm,1547210995107.jpg,女神転生
611082562.htm,1547211024869.png,女神転生
611082562.htm,1547211087742.jpg,女神転生
611082562.htm,1547211095727.jpg,女神転生
611082562.htm,1547211163850.jpg,女神転生
611082562.htm,1547211826978.jpg,女神転生
611082562.htm,1547211852904.jpg,女神転生
611082562.htm,1547211895495.png,女神転生
611082562.htm,1547211956912.jpg,女神転生
611082562.htm,1547212306469.jpg,女神転生
611082562.htm,1547212371891.jpg,女神転生
611082562.htm,1547212388340.jpg,女神転生
611082562.htm,1547212428676.gif,女神転生
611082562.htm,1547212487623.jpg,女神転生
611082562.htm,1547212531093.gif,女神転生
611082562.htm,1547212752751.jpg,女神転生
611082562.htm,1547212769266.jpg,女神転生
611082562.htm,1547212830580.jpg,女神転生
611082562.htm,1547213037646.jpg,女神転生
611082562.htm,1547213111008.jpg,女神転生
611082562.htm,1547213149880.jpg,女神転生
611082562.htm,1547213196260.jpg,女神転生
611082562.htm,1547213224840.jpg,女神転生
611082562.htm,1547213254795.jpg,女神転生
611082562.htm,1547213312122.jpg,女神転生
611082562.htm,1547213319778.jpg,女神転生
611082562.htm,1547213337652.jpg,女神転生
611082562.htm,1547213603180.jpg,女神転生
611082562.htm,1547213689104.jpg,女神転生
611082562.htm,1547214083884.jpg,女神転生
611082562.htm,1547214115507.png,女神転生
611082562.htm,1547214373417.jpg,女神転生
611082562.htm,1547214626762.jpg,女神転生
611082562.htm,1547214675944.jpg,女神転生
611082562.htm,1547215219880.jpg,女神転生
611082562.htm,1547215243058.jpg,女神転生
611082562.htm,1547215712257.jpg,女神転生
611082562.htm,1547216009463.jpg,女神転生
611082562.htm,1547216023747.jpg,女神転生
611082562.htm,1547216127998.jpg,女神転生
611082562.htm,1547216632659.jpg,女神転生
611082562.htm,1547216766855.jpg,女神転生
611082562.htm,1547216793337.jpg,女神転生
611082562.htm,1547217005026.jpg,女神転生
611082562.htm,1547217145273.jpg,女神転生
611082562.htm,1547217339102.jpg,女神転生
611082562.htm,1547217388938.jpg,女神転生
611082562.htm,1547217401898.jpg,女神転生
611082562.htm,1547217819927.jpg,女神転生
611082562.htm,1547218090149.jpg,女神転生
611082562.htm,1547218275010.jpg,女神転生
611082562.htm,1547218292443.jpg,女神転生
611082562.htm,1547218402445.jpg,女神転生
611082562.htm,1547218521208.jpg,女神転生
611082562.htm,1547219023589.jpg,女神転生
611082562.htm,1547219806590.jpg,女神転生
611082562.htm,1547219934300.jpg,女神転生
611082562.htm,1547220052972.jpg,女神転生
611082562.htm,1547220067158.jpg,女神転生
611082562.htm,1547220138312.jpg,女神転生
611082562.htm,1547220196747.jpg,女神転生
610694362.htm,1547035805430.png,女神転生
610694362.htm,1547036167368.jpg,女神転生
610694362.htm,1547036213032.jpg,女神転生
610694362.htm,1547036252223.jpg,女神転生
610694362.htm,1547036308446.jpg,女神転生
610694362.htm,1547036328666.jpg,女神転生
610694362.htm,1547036381002.jpg,女神転生
610694362.htm,1547036452067.jpg,女神転生
610694362.htm,1547036984996.png,女神転生
610694362.htm,1547037006944.jpg,女神転生
610694362.htm,1547037149784.jpg,女神転生
610694362.htm,1547037360154.png,女神転生
610694362.htm,1547037442659.jpg,女神転生
610694362.htm,1547037612863.png,女神転生
610694362.htm,1547037671134.jpg,女神転生
610694362.htm,1547037827449.jpg,女神転生
610694362.htm,1547038053753.jpg,女神転生
610694362.htm,1547038234950.jpg,女神転生
610694362.htm,1547038428943.jpg,女神転生
610694362.htm,1547038532719.jpg,女神転生
610694362.htm,1547038653395.jpg,女神転生
610694362.htm,1547038664454.jpg,女神転生
610694362.htm,1547038795301.jpg,女神転生
610694362.htm,1547038812635.jpg,女神転生
610694362.htm,1547038994576.jpg,女神転生
610694362.htm,1547039042790.jpg,女神転生
610694362.htm,1547039232431.png,女神転生
610694362.htm,1547039354720.jpg,女神転生
610694362.htm,1547039648233.jpg,女神転生
610694362.htm,1547039889147.jpg,女神転生
610694362.htm,1547041122991.jpg,女神転生
610694362.htm,1547041446248.jpg,女神転生
610694362.htm,1547041572115.jpg,女神転生
610694362.htm,1547041631668.jpg,女神転生
610694362.htm,1547041761448.jpg,女神転生
610694362.htm,1547041861758.jpg,女神転生
610694362.htm,1547041955418.jpg,女神転生
610694362.htm,1547042006075.jpg,女神転生
610694362.htm,1547042097095.jpg,女神転生
610694362.htm,1547042361979.jpg,女神転生
610694362.htm,1547042608041.png,女神転生
610694362.htm,1547042685218.jpg,女神転生
610694362.htm,1547042784421.jpg,女神転生
610694362.htm,1547042806131.jpg,女神転生
610694362.htm,1547042963407.jpg,女神転生
610694362.htm,1547043014667.png,女神転生
610694362.htm,1547043049149.jpg,女神転生
610694362.htm,1547043098870.jpg,女神転生
610694362.htm,1547043404753.jpg,女神転生
610694362.htm,1547043841387.jpg,女神転生
610694362.htm,1547044051865.jpg,女神転生
610694362.htm,1547044088559.jpg,女神転生
610694362.htm,1547045056297.jpg,女神転生
610694362.htm,1547045649312.jpg,女神転生
610694362.htm,1547047018098.jpg,女神転生
610694362.htm,1547047195868.jpg,女神転生
610694362.htm,1547047210319.jpg,女神転生
610608458.htm,1547003814886.jpg,女神転生
610608458.htm,1547004594156.jpg,女神転生
610608458.htm,1547005419813.jpg,女神転生
610608458.htm,1547006097658.jpg,女神転生
610608458.htm,1547006928277.jpg,女神転生
610608458.htm,1547013499300.jpg,女神転生
610608458.htm,1547017446532.jpg,女神転生
610608458.htm,1547018394637.jpg,女神転生
610608458.htm,1547025863529.png,女神転生
610608458.htm,1547028917466.jpg,女神転生
609922874.htm,1546697651810.jpg,女神転生
609922874.htm,1546697959107.jpg,女神転生
609922874.htm,1546698015303.jpg,女神転生
609889818.htm,1546691019992.jpg,女神転生
609889818.htm,1546693878347.jpg,女神転生
609889818.htm,1546694051289.jpg,女神転生
609889818.htm,1546694401712.jpg,女神転生
609889818.htm,1546699445478.jpg,女神転生
609889818.htm,1546699612673.jpg,女神転生
609889818.htm,1546699853387.jpg,女神転生
609889818.htm,1546700905297.jpg,女神転生
545286791.htm,sq109381.jpg,らおしいさん
545565845.htm,sq109428.zip,"[""まりんさん"", ""きりんさん""]"
540630823.htm,sq108780.zip,"[""まりんさん"", ""きりんさん""]"
540630823.htm,sq108665.zip,"[""まりんさん"", ""きりんさん""]"
540143263.htm,sq108665.zip,"[""まりんさん"", ""きりんさん""]"
539488360.htm,sq108589.zip,"[""まりんさん"", ""きりんさん""]"
559672395.htm,sq111437.gif,"[""きりんさん""]"
545565845.htm,sq109428.zip,"[""きりんさん""]"
540630823.htm,sq108780.zip,"[""きりんさん""]"
540630823.htm,sq108665.zip,"[""きりんさん""]"
423561786.htm,su1839201.png,"[""きりんさん""]"
557215547.htm,sq111000.zip,きゅうきさん「」
551635999.htm,su2744273.pngs,きゅうきさん「」
